-- Скрипт для заполнения базы данных сервиса управления пользователями проекта InfoHub тестовыми данными
-- Порядок заполнения таблиц учитывает зависимости между ними

-- ===============================================================
-- profile_service
-- ===============================================================

-- Добавление профилей пользователей
INSERT INTO user_profile (user_id, bio, registration_date, reputation_score) VALUES
('123e4567-e89b-12d3-a456-426614174001', 'Python разработчик с опытом работы более 5 лет. Интересуюсь машинным обучением и обработкой данных.', '2023-01-01 12:00:00', 150),
('123e4567-e89b-12d3-a456-426614174002', 'Frontend разработчик и дизайнер интерфейсов. Специализируюсь на React и UI/UX.', '2023-01-02 14:30:00', 120),
('123e4567-e89b-12d3-a456-426614174003', 'DevOps инженер с опытом работы в крупных проектах. Эксперт по Docker и Kubernetes.', '2023-01-03 09:15:00', 180),
('123e4567-e89b-12d3-a456-426614174004', 'UI/UX дизайнер с художественным образованием. Создаю красивые и удобные интерфейсы.', '2023-01-04 11:45:00', 90),
('123e4567-e89b-12d3-a456-426614174005', 'Администратор платформы. Отвечаю за управление контентом и модерацию.', '2023-01-01 00:00:00', 200);

-- Добавление интересов/категорий
INSERT INTO interest (interest_id, name, description, parent_id) VALUES
('f5b5c6d7-e8f9-0a1b-2c3d-4e5f6a7b8c9d', 'Разработка', 'Программирование, создание ПО и технологии разработки', NULL),
('1a2b3c4d-5e6f-7a8b-9c0d-1e2f3a4b5c6d', 'Дизайн', 'Проектирование интерфейсов, графический дизайн, UX/UI', NULL),
('2b3c4d5e-6f7a-8b9c-0d1e-2f3a4b5c6d7e', 'DevOps', 'Практики объединения разработки и эксплуатации ПО', NULL),
('3c4d5e6f-7a8b-9c0d-1e2f-3a4b5c6d7e8f', 'Искусственный интеллект', 'Машинное обучение, нейросети и алгоритмы ИИ', NULL),
('4d5e6f7a-8b9c-0d1e-2f3a-4b5c6d7e8f9a', 'Базы данных', 'Проектирование, использование и оптимизация БД', NULL),
('5e6f7a8b-9c0d-1e2f-3a4b-5c6d7e8f9a0b', 'Веб-разработка', 'Разработка веб-приложений и сайтов', 'f5b5c6d7-e8f9-0a1b-2c3d-4e5f6a7b8c9d'),
('6f7a8b9c-0d1e-2f3a-4b5c-6d7e8f9a0b1c', 'Мобильная разработка', 'Разработка приложений для мобильных устройств', 'f5b5c6d7-e8f9-0a1b-2c3d-4e5f6a7b8c9d'),
('7a8b9c0d-1e2f-3a4b-5c6d-7e8f9a0b1c2d', 'Backend', 'Серверная часть приложений', 'f5b5c6d7-e8f9-0a1b-2c3d-4e5f6a7b8c9d'),
('8b9c0d1e-2f3a-4b5c-6d7e-8f9a0b1c2d3e', 'Frontend', 'Клиентская часть приложений', 'f5b5c6d7-e8f9-0a1b-2c3d-4e5f6a7b8c9d'),
('9c0d1e2f-3a4b-5c6d-7e8f-9a0b1c2d3e4f', 'UX/UI', 'Дизайн пользовательского опыта и интерфейсов', '1a2b3c4d-5e6f-7a8b-9c0d-1e2f3a4b5c6d'),
('0d1e2f3a-4b5c-6d7e-8f9a-0b1c2d3e4f5a', 'Графический дизайн', 'Создание визуальных материалов', '1a2b3c4d-5e6f-7a8b-9c0d-1e2f3a4b5c6d'),
('1e2f3a4b-5c6d-7e8f-9a0b-1c2d3e4f5a6b', 'CI/CD', 'Непрерывная интеграция и доставка', '2b3c4d5e-6f7a-8b9c-0d1e-2f3a4b5c6d7e'),
('2f3a4b5c-6d7e-8f9a-0b1c-2d3e4f5a6b7c', 'Контейнеризация', 'Docker, Kubernetes и управление контейнерами', '2b3c4d5e-6f7a-8b9c-0d1e-2f3a4b5c6d7e'),
('3a4b5c6d-7e8f-9a0b-1c2d-3e4f5a6b7c8d', 'Машинное обучение', 'Алгоритмы и методы машинного обучения', '3c4d5e6f-7a8b-9c0d-1e2f-3a4b5c6d7e8f'),
('4b5c6d7e-8f9a-0b1c-2d3e-4f5a6b7c8d9e', 'Нейронные сети', 'Глубокое обучение и нейронные сети', '3c4d5e6f-7a8b-9c0d-1e2f-3a4b5c6d7e8f'),
('5c6d7e8f-9a0b-1c2d-3e4f-5a6b7c8d9e0f', 'SQL', 'Язык структурированных запросов', '4d5e6f7a-8b9c-0d1e-2f3a-4b5c6d7e8f9a'),
('6d7e8f9a-0b1c-2d3e-4f5a-6b7c8d9e0f1a', 'NoSQL', 'Нереляционные базы данных', '4d5e6f7a-8b9c-0d1e-2f3a-4b5c6d7e8f9a');

-- Добавление связей пользователь-интерес
INSERT INTO user_interest (user_interest_id, user_id, interest_id, weight) VALUES
('a1b2c3d4-e5f6-7a8b-9c0d-1e2f3a4b5c6d', '123e4567-e89b-12d3-a456-426614174001', 'f5b5c6d7-e8f9-0a1b-2c3d-4e5f6a7b8c9d', 1.5),
('b2c3d4e5-f6a7-8b9c-0d1e-2f3a4b5c6d7e', '123e4567-e89b-12d3-a456-426614174001', '7a8b9c0d-1e2f-3a4b-5c6d-7e8f9a0b1c2d', 2.0),
('c3d4e5f6-a7b8-9c0d-1e2f-3a4b5c6d7e8f', '123e4567-e89b-12d3-a456-426614174001', '3c4d5e6f-7a8b-9c0d-1e2f-3a4b5c6d7e8f', 1.8),
('d4e5f6a7-b8c9-0d1e-2f3a-4b5c6d7e8f9a', '123e4567-e89b-12d3-a456-426614174001', '3a4b5c6d-7e8f-9a0b-1c2d-3e4f5a6b7c8d', 1.9),
('e5f6a7b8-c9d0-1e2f-3a4b-5c6d7e8f9a0b', '123e4567-e89b-12d3-a456-426614174002', 'f5b5c6d7-e8f9-0a1b-2c3d-4e5f6a7b8c9d', 1.2),
('f6a7b8c9-d0e1-2f3a-4b5c-6d7e8f9a0b1c', '123e4567-e89b-12d3-a456-426614174002', '8b9c0d1e-2f3a-4b5c-6d7e-8f9a0b1c2d3e', 2.0),
('a7b8c9d0-e1f2-3a4b-5c6d-7e8f9a0b1c2d', '123e4567-e89b-12d3-a456-426614174002', '1a2b3c4d-5e6f-7a8b-9c0d-1e2f3a4b5c6d', 1.7),
('b8c9d0e1-f2a3-4b5c-6d7e-8f9a0b1c2d3e', '123e4567-e89b-12d3-a456-426614174002', '9c0d1e2f-3a4b-5c6d-7e8f-9a0b1c2d3e4f', 1.9),
('c9d0e1f2-a3b4-5c6d-7e8f-9a0b1c2d3e4f', '123e4567-e89b-12d3-a456-426614174003', '2b3c4d5e-6f7a-8b9c-0d1e-2f3a4b5c6d7e', 2.0),
('d0e1f2a3-b4c5-6d7e-8f9a-0b1c2d3e4f5a', '123e4567-e89b-12d3-a456-426614174003', '1e2f3a4b-5c6d-7e8f-9a0b-1c2d3e4f5a6b', 1.8),
('e1f2a3b4-c5d6-7e8f-9a0b-1c2d3e4f5a6b', '123e4567-e89b-12d3-a456-426614174003', '2f3a4b5c-6d7e-8f9a-0b1c-2d3e4f5a6b7c', 1.9),
('f2a3b4c5-d6e7-8f9a-0b1c-2d3e4f5a6b7c', '123e4567-e89b-12d3-a456-426614174004', '1a2b3c4d-5e6f-7a8b-9c0d-1e2f3a4b5c6d', 2.0),
('a3b4c5d6-e7f8-9a0b-1c2d-3e4f5a6b7c8d', '123e4567-e89b-12d3-a456-426614174004', '9c0d1e2f-3a4b-5c6d-7e8f-9a0b1c2d3e4f', 2.0),
('b4c5d6e7-f8a9-0b1c-2d3e-4f5a6b7c8d9e', '123e4567-e89b-12d3-a456-426614174004', '0d1e2f3a-4b5c-6d7e-8f9a-0b1c2d3e4f5a', 1.7),
('c5d6e7f8-a9b0-1c2d-3e4f-5a6b7c8d9e0f', '123e4567-e89b-12d3-a456-426614174005', 'f5b5c6d7-e8f9-0a1b-2c3d-4e5f6a7b8c9d', 1.2),
('d6e7f8a9-b0c1-2d3e-4f5a-6b7c8d9e0f1a', '123e4567-e89b-12d3-a456-426614174005', '2b3c4d5e-6f7a-8b9c-0d1e-2f3a4b5c6d7e', 1.1),
('e7f8a9b0-c1d2-3e4f-5a6b-7c8d9e0f1a2b', '123e4567-e89b-12d3-a456-426614174005', '4d5e6f7a-8b9c-0d1e-2f3a-4b5c6d7e8f9a', 1.3);

-- Добавление активности пользователей
INSERT INTO activity (activity_id, user_id, activity_type, entity_type, entity_id, created_date) VALUES
('f8a9b0c1-d2e3-4f5a-6b7c-8d9e0f1a2b3c', '123e4567-e89b-12d3-a456-426614174001', 'view', 'source', 'aaf4c61d-f067-4470-9a8d-baaf9a28f23f', '2023-03-15 10:30:00'),
('a9b0c1d2-e3f4-5a6b-7c8d-9e0f1a2b3c4d', '123e4567-e89b-12d3-a456-426614174001', 'add', 'source', 'c8d9e0f1-2a3b-4c5d-6e7f-8a9b0c1d2e3f', '2023-03-10 14:20:00'),
('b0c1d2e3-f4a5-6b7c-8d9e-0f1a2b3c4d5e', '123e4567-e89b-12d3-a456-426614174001', 'rate', 'source', 'b90c0d12-7c1e-4588-9fb0-3a4a30e92401', '2023-03-12 16:45:00'),
('c1d2e3f4-a5b6-7c8d-9e0f-1a2b3c4d5e6f', '123e4567-e89b-12d3-a456-426614174001', 'comment', 'source', 'b90c0d12-7c1e-4588-9fb0-3a4a30e92401', '2023-03-12 16:50:00'),
('d2e3f4a5-b6c7-8d9e-0f1a-2b3c4d5e6f7a', '123e4567-e89b-12d3-a456-426614174002', 'view', 'source', 'f6a7b8c9-d0e1-f2a3-b4c5-d6e7f8a9b0c1', '2023-03-20 09:15:00'),
('e3f4a5b6-c7d8-9e0f-1a2b-3c4d5e6f7a8b', '123e4567-e89b-12d3-a456-426614174002', 'add', 'source', 'b90c0d12-7c1e-4588-9fb0-3a4a30e92401', '2023-02-15 13:20:00'),
('f4a5b6c7-d8e9-0f1a-2b3c-4d5e6f7a8b9c', '123e4567-e89b-12d3-a456-426614174002', 'rate', 'source', 'aaf4c61d-f067-4470-9a8d-baaf9a28f23f', '2023-03-16 11:30:00'),
('a5b6c7d8-e9f0-1a2b-3c4d-5e6f7a8b9c0d', '123e4567-e89b-12d3-a456-426614174003', 'view', 'source', 'd0e1f2a3-b4c5-d6e7-f8a9-b0c1d2e3f4a5', '2023-04-01 15:20:00'),
('b6c7d8e9-f0a1-2b3c-4d5e-6f7a8b9c0d1e', '123e4567-e89b-12d3-a456-426614174003', 'add', 'source', 'a2b3c4d5-e6f7-a8b9-c0d1-e2f3a4b5c6d7', '2023-07-05 10:15:00'),
('c7d8e9f0-a1b2-3c4d-5e6f-7a8b9c0d1e2f', '123e4567-e89b-12d3-a456-426614174003', 'add', 'source', 'd4e5f6a7-b8c9-0d1e-2f3a-4b5c6d7e8f9a', '2023-04-25 09:30:00'),
('d8e9f0a1-b2c3-4d5e-6f7a-8b9c0d1e2f3a', '123e4567-e89b-12d3-a456-426614174004', 'view', 'source', 'f6a7b8c9-d0e1-f2a3-b4c5-d6e7f8a9b0c1', '2023-06-25 14:10:00'),
('e9f0a1b2-c3d4-5e6f-7a8b-9c0d1e2f3a4b', '123e4567-e89b-12d3-a456-426614174004', 'add', 'source', 'f6a7b8c9-d0e1-f2a3-b4c5-d6e7f8a9b0c1', '2023-06-20 12:30:00'),
('f0a1b2c3-d4e5-6f7a-8b9c-0d1e2f3a4b5c', '123e4567-e89b-12d3-a456-426614174004', 'comment', 'source', 'f6a7b8c9-d0e1-f2a3-b4c5-d6e7f8a9b0c1', '2023-06-22 16:40:00');
